YASDAYD_001,YASDAYD_001_1
YASDAYD_002,YASDAYD_002_1
YASDAYD_003,YASDAYD_003_1
YASDAYD_004,≤‚ ‘004
YASDAYD_005,YASDAYD_005_1
YASDAYD_006,YASDAYD_006_1
YASDAYD_007,≤‚ ‘007
YASDAYD_008,≤‚ ‘008
YASDAYD_009,
YASDAYD_010,≤‚ ‘010
YASDAYD_011,
YASDAYD_012,≤‚ ‘012
YASDAYD_013,
YASDAYD_014,≤‚ ‘014
YASDAYD_015,
YASDAYD_016,
YASDAYD_017,≤‚ ‘017
YASDAYD_018,≤‚ ‘018
YASDAYD_019,
YASDAYD_020,
YASDAYD_021,
YASDAYD_022,≤‚ ‘022
YASDAYD_023,
YASDAYD_024,≤‚ ‘024
YASDAYD_025,
YASDAYD_026,
YASDAYD_027,
YASDAYD_028,≤‚ ‘028
YASDAYD_029,
YASDAYD_030,≤‚ ‘030
YASDAYD_001,YASDAYD_001_1
YASDAYD_002,YASDAYD_002_1
YASDAYD_003,YASDAYD_003_1
